name,id,price,order_time,delivery_dates
Jerry,GO225O,141.77,2020-01-17 12:13:35.220 UTC,2020-01-19
Helene,ZI941I,291.77,2020-01-17 12:13:35.220 UTC,2020-01-19
Lorenzo,OL575L,777.52,2020-01-17 12:13:35.220 UTC,2020-01-19
Virginie,SH108H,539.45,2020-01-17 12:13:35.220 UTC,2020-01-19
Dolly,PL156L,200.25,2020-01-17 12:13:35.220 UTC,2020-01-19
Shary,FY686Y,943.97,2020-01-17 12:13:35.220 UTC,2020-01-19
Isabel,BT672T,785.14,2020-01-17 12:13:35.220 UTC,2020-01-19
Henri,KI162I,194.80,2020-01-17 12:13:35.220 UTC,2020-01-19
Junko,ML325L,703.88,2020-01-17 12:13:35.220 UTC,2020-01-19
Maria,GA594A,737.79,2020-01-17 12:13:35.220 UTC,2020-01-19
Lili,GM745M,638.95,2020-01-17 12:13:35.220 UTC,2020-01-19
Patty,TV616V,146.59,2020-01-17 12:13:35.220 UTC,2020-01-19
Isabel,TC537C,921.59,2020-01-17 12:13:35.220 UTC,2020-01-19
William,ZY573Y,120.23,2020-01-17 12:13:35.220 UTC,2020-01-19
Katrina,ND498D,384.17,2020-01-17 12:13:35.220 UTC,2020-01-19
Teresa,JD897D,748.93,2020-01-17 12:13:35.220 UTC,2020-01-19
Allison,LV737V,936.98,2020-01-17 12:13:35.220 UTC,2020-01-19
Nadine,YK422K,162.59,2020-01-17 12:13:35.220 UTC,2020-01-19
Harvey,YQ872Q,655.40,2020-01-17 12:13:35.220 UTC,2020-01-19
Alex,QC695C,101.99,2020-01-17 12:13:35.220 UTC,2020-01-19
Rie,KG741G,118.56,2020-01-17 12:13:35.220 UTC,2020-01-19
Kirk,PQ404Q,524.84,2020-01-17 12:13:35.220 UTC,2020-01-19
Rafael,MG769G,433.72,2020-01-17 12:13:35.220 UTC,2020-01-19
Hermine,KM278M,502.98,2020-01-17 12:13:35.220 UTC,2020-01-19
Wilfred,LR458R,902.10,2020-01-17 12:13:35.220 UTC,2020-01-19
Gaston,JD342D,371.74,2020-01-17 12:13:35.220 UTC,2020-01-19
Dean,ZG146G,809.58,2020-01-17 12:13:35.220 UTC,2020-01-19
Kazuko,EX310X,312.79,2020-01-17 12:13:35.220 UTC,2020-01-19
Rebekah,KA865A,213.59,2020-01-17 12:13:35.220 UTC,2020-01-19
Sam,KP383P,921.33,2020-01-17 12:13:35.220 UTC,2020-01-19
Marco,ZL564L,839.77,2020-01-17 12:13:35.220 UTC,2020-01-19
Nicholas,TC537C,916.62,2020-01-17 12:13:35.220 UTC,2020-01-19
Ophelia,FX115X,218.17,2020-01-17 12:13:35.220 UTC,2020-01-19
Marco,YR426R,563.82,2020-01-17 12:13:35.220 UTC,2020-01-19
Allison,GP255P,227.83,2020-01-17 12:13:35.220 UTC,2020-01-19
Dolly,SV369V,178.91,2020-01-17 12:13:35.220 UTC,2020-01-19
Cindy,TE466E,252.64,2020-01-17 12:13:35.220 UTC,2020-01-19
Etsuko,HP989P,736.98,2020-01-17 12:13:35.220 UTC,2020-01-19
Isidore,DS620S,554.27,2020-01-17 12:13:35.220 UTC,2020-01-19
Miyuki,VK460K,122.44,2020-01-17 12:13:35.220 UTC,2020-01-19
Henri,GW684W,477.91,2020-01-17 12:13:35.220 UTC,2020-01-19
Kirk,ES350S,404.24,2020-01-17 12:13:35.220 UTC,2020-01-19
Lisa,YV894V,140.33,2020-01-17 12:13:35.220 UTC,2020-01-19
Miwa,AQ695Q,560.54,2020-01-17 12:13:35.220 UTC,2020-01-19
Hermine,VI609I,918.41,2020-01-17 12:13:35.220 UTC,2020-01-19
Peter,SP859P,386.69,2020-01-17 12:13:35.220 UTC,2020-01-19
Rose,AR305R,233.33,2020-01-17 12:13:35.220 UTC,2020-01-19
Nicole,US588S,163.56,2020-01-17 12:13:35.220 UTC,2020-01-19
Danielle,KD563D,157.96,2020-01-17 12:13:35.220 UTC,2020-01-19
Marco,PH671H,745.79,2020-01-17 12:13:35.220 UTC,2020-01-19
Franklin,RK279K,305.55,2020-01-17 12:13:35.220 UTC,2020-01-19
Felix,KO789O,537.71,2020-01-17 12:13:35.220 UTC,2020-01-19
Akane,WS925S,730.44,2020-01-17 12:13:35.220 UTC,2020-01-19
Itoe,FJ985J,629.46,2020-01-17 12:13:35.220 UTC,2020-01-19
Hermine,XJ808J,379.91,2020-01-17 12:13:35.220 UTC,2020-01-19
Ernesto,CM917M,547.84,2020-01-17 12:13:35.220 UTC,2020-01-19
Aki,GQ562Q,415.61,2020-01-17 12:13:35.220 UTC,2020-01-19
Tony,XK314K,619.30,2020-01-17 12:13:35.220 UTC,2020-01-19
Nadine,XS286S,510.64,2020-01-17 12:13:35.220 UTC,2020-01-19
Lorenzo,FH807H,275.34,2020-01-17 12:13:35.220 UTC,2020-01-19
Allison,BB771B,872.21,2020-01-17 12:13:35.220 UTC,2020-01-19
Arlene,VC630C,213.61,2020-01-17 12:13:35.220 UTC,2020-01-19
Pablo,ZE147E,989.80,2020-01-17 12:13:35.220 UTC,2020-01-19
Florence,QE925E,837.53,2020-01-17 12:13:35.220 UTC,2020-01-19
Larry,UK610K,242.59,2020-01-17 12:13:35.220 UTC,2020-01-19
Danny,UY274Y,194.14,2020-01-17 12:13:35.220 UTC,2020-01-19
Omar,ZM628M,396.13,2020-01-17 12:13:35.220 UTC,2020-01-19
Dennis,XM196M,838.32,2020-01-17 12:13:35.220 UTC,2020-01-19
Marco,CG573G,817.70,2020-01-17 12:13:35.220 UTC,2020-01-19
Chantal,KS207S,197.11,2020-01-17 12:13:35.220 UTC,2020-01-19
Erin,XJ978J,771.31,2020-01-17 12:13:35.220 UTC,2020-01-19
Philippe,GL663L,930.57,2020-01-17 12:13:35.220 UTC,2020-01-19
Dennis,EI514I,742.12,2020-01-17 12:13:35.220 UTC,2020-01-19
Itoe,IW508W,273.16,2020-01-17 12:13:35.220 UTC,2020-01-19
Hitomi,ZZ384Z,285.24,2020-01-17 12:13:35.220 UTC,2020-01-19
Erika,CJ202J,662.80,2020-01-17 12:13:35.220 UTC,2020-01-19
Rie,OT670T,180.72,2020-01-17 12:13:35.220 UTC,2020-01-19
Shary,MP890P,780.84,2020-01-17 12:13:35.220 UTC,2020-01-19
Franklin,WG375G,213.65,2020-01-17 12:13:35.220 UTC,2020-01-19
Kyle,XI157I,488.11,2020-01-17 12:13:35.220 UTC,2020-01-19
Wilma,CO594O,199.33,2020-01-17 12:13:35.220 UTC,2020-01-19
Rebekah,VR582R,418.32,2020-01-17 12:13:35.220 UTC,2020-01-19
Ophelia,ZL856L,554.66,2020-01-17 12:13:35.220 UTC,2020-01-19
Cindy,EC199C,518.30,2020-01-17 12:13:35.220 UTC,2020-01-19
Edouard,MB670B,439.40,2020-01-17 12:13:35.220 UTC,2020-01-19
Tony,RH247H,842.51,2020-01-17 12:13:35.220 UTC,2020-01-19
Nana,NS481S,964.49,2020-01-17 12:13:35.220 UTC,2020-01-19
Beryl,MD609D,788.33,2020-01-17 12:13:35.220 UTC,2020-01-19
Richard,QX171X,478.86,2020-01-17 12:13:35.220 UTC,2020-01-19
Irene,AC803C,575.24,2020-01-17 12:13:35.220 UTC,2020-01-19
Miyako,GG383G,229.37,2020-01-17 12:13:35.220 UTC,2020-01-19
Shary,AY608Y,761.25,2020-01-17 12:13:35.220 UTC,2020-01-19
Cristobal,SX538X,926.83,2020-01-17 12:13:35.220 UTC,2020-01-19
Claudette,RR144R,835.52,2020-01-17 12:13:35.220 UTC,2020-01-19
Franklin,SA218A,919.54,2020-01-17 12:13:35.220 UTC,2020-01-19
Nate,AD893D,465.12,2020-01-17 12:13:35.220 UTC,2020-01-19
Gaston,AM947M,542.30,2020-01-17 12:13:35.220 UTC,2020-01-19
Walter,FE189E,225.27,2020-01-17 12:13:35.220 UTC,2020-01-19
Gabielle,FL455L,546.77,2020-01-17 12:13:35.220 UTC,2020-01-19
Florence,PF986F,930.20,2020-01-17 12:13:35.220 UTC,2020-01-19
Dolly,WS804S,438.75,2020-01-17 12:13:35.220 UTC,2020-01-19
Arthur,QR613R,331.74,2020-01-17 12:13:35.220 UTC,2020-01-19
Sally,WF322F,370.61,2020-01-17 12:13:35.220 UTC,2020-01-19
Allison,JL996L,371.15,2020-01-17 12:13:35.220 UTC,2020-01-19
Barry,EA826A,676.72,2020-01-17 12:13:35.220 UTC,2020-01-19
Bonnie,QF408F,475.30,2020-01-17 12:13:35.220 UTC,2020-01-19
Nicholas,ZF442F,691.78,2020-01-17 12:13:35.220 UTC,2020-01-19
Gaston,WN462N,866.27,2020-01-17 12:13:35.220 UTC,2020-01-19
Grace,MO664O,964.63,2020-01-17 12:13:35.220 UTC,2020-01-19
Odette,SO580O,763.87,2020-01-17 12:13:35.220 UTC,2020-01-19
Miyako,RL864L,801.39,2020-01-17 12:13:35.220 UTC,2020-01-19
Bill,LG119G,711.67,2020-01-17 12:13:35.220 UTC,2020-01-19
Helene,AI211I,844.20,2020-01-17 12:13:35.220 UTC,2020-01-19
William,TM827M,742.10,2020-01-17 12:13:35.220 UTC,2020-01-19
Maria,BV201V,779.13,2020-01-17 12:13:35.220 UTC,2020-01-19
Debby,YQ272Q,335.90,2020-01-17 12:13:35.220 UTC,2020-01-19
Wendy,UW595W,897.31,2020-01-17 12:13:35.220 UTC,2020-01-19
Wanda,JG343G,694.81,2020-01-17 12:13:35.220 UTC,2020-01-19
Sandy,UP910P,970.37,2020-01-17 12:13:35.220 UTC,2020-01-19
Nanaho,DD834D,909.35,2020-01-17 12:13:35.220 UTC,2020-01-19
Wilma,JF399F,776.94,2020-01-17 12:13:35.220 UTC,2020-01-19
Wanda,JA277A,668.40,2020-01-17 12:13:35.220 UTC,2020-01-19
Odette,JQ462Q,680.85,2020-01-17 12:13:35.220 UTC,2020-01-19
Jerry,OM491M,377.34,2020-01-17 12:13:35.220 UTC,2020-01-19
Nicole,HS859S,805.85,2020-01-17 12:13:35.220 UTC,2020-01-19
Ophelia,QI499I,159.12,2020-01-17 12:13:35.220 UTC,2020-01-19
Jeanne,FN507N,223.18,2020-01-17 12:13:35.220 UTC,2020-01-19
Frances,US167S,220.25,2020-01-17 12:13:35.220 UTC,2020-01-19
Wanda,UU958U,493.32,2020-01-17 12:13:35.220 UTC,2020-01-19
Hitomi,ZL231L,754.25,2020-01-17 12:13:35.220 UTC,2020-01-19
Tomas,MN718N,840.90,2020-01-17 12:13:35.220 UTC,2020-01-19
Larry,HR615R,850.70,2020-01-17 12:13:35.220 UTC,2020-01-19
Isaac,SU448U,952.14,2020-01-17 12:13:35.220 UTC,2020-01-19
Otto,LG339G,726.93,2020-01-17 12:13:35.220 UTC,2020-01-19
Philippe,MW838W,321.76,2020-01-17 12:13:35.220 UTC,2020-01-19
Tomas,DY974Y,232.38,2020-01-17 12:13:35.220 UTC,2020-01-19
Gabielle,VC558C,557.13,2020-01-17 12:13:35.220 UTC,2020-01-19
Aki,PA599A,949.90,2020-01-17 12:13:35.220 UTC,2020-01-19
Vince,TH708H,852.86,2020-01-17 12:13:35.220 UTC,2020-01-19
Irene,IM347M,710.98,2020-01-17 12:13:35.220 UTC,2020-01-19
Claudette,JW726W,416.78,2020-01-17 12:13:35.220 UTC,2020-01-19
Ayumi,IM878M,841.43,2020-01-17 12:13:35.220 UTC,2020-01-19
Ayumi,JZ382Z,695.31,2020-01-17 12:13:35.220 UTC,2020-01-19
Yumi,OX232X,243.95,2020-01-17 12:13:35.220 UTC,2020-01-19
Itoe,TP411P,205.62,2020-01-17 12:13:35.220 UTC,2020-01-19
Paloma,NH299H,299.76,2020-01-17 12:13:35.220 UTC,2020-01-19
Rene,VO392O,903.70,2020-01-17 12:13:35.220 UTC,2020-01-19
Lili,HN362N,650.53,2020-01-17 12:13:35.220 UTC,2020-01-19
Isaac,ZN226N,155.43,2020-01-17 12:13:35.220 UTC,2020-01-19
Leslie,ZS370S,553.98,2020-01-17 12:13:35.220 UTC,2020-01-19
Miyuki,JQ686Q,780.62,2020-01-17 12:13:35.220 UTC,2020-01-19
Valerie,XO445O,529.69,2020-01-17 12:13:35.220 UTC,2020-01-19
Gaston,ME941E,267.35,2020-01-17 12:13:35.220 UTC,2020-01-19
Itoe,KO824O,632.89,2020-01-17 12:13:35.220 UTC,2020-01-19
Miyako,ZV673V,289.22,2020-01-17 12:13:35.220 UTC,2020-01-19
Arlene,CO860O,687.10,2020-01-17 12:13:35.220 UTC,2020-01-19
Jerry,TF863F,886.100,2020-01-17 12:13:35.220 UTC,2020-01-19
Odette,EF224F,793.38,2020-01-17 12:13:35.220 UTC,2020-01-19
Gert,YA882A,870.36,2020-01-17 12:13:35.220 UTC,2020-01-19
Yumi,EZ700Z,912.72,2020-01-17 12:13:35.220 UTC,2020-01-19
Stan,FG397G,201.68,2020-01-17 12:13:35.220 UTC,2020-01-19
Rita,UM106M,592.90,2020-01-17 12:13:35.220 UTC,2020-01-19
Chiaki,KA260A,790.90,2020-01-17 12:13:35.220 UTC,2020-01-19
Juan,DS372S,437.73,2020-01-17 12:13:35.220 UTC,2020-01-19
Youko,LE645E,719.12,2020-01-17 12:13:35.220 UTC,2020-01-19
Lisa,ZR657R,377.50,2020-01-17 12:13:35.220 UTC,2020-01-19
Shary,JX970X,466.45,2020-01-17 12:13:35.220 UTC,2020-01-19
Hermine,YF385F,979.12,2020-01-17 12:13:35.220 UTC,2020-01-19
Miyuki,EF151F,668.50,2020-01-17 12:13:35.220 UTC,2020-01-19
Dolly,JT765T,449.49,2020-01-17 12:13:35.220 UTC,2020-01-19
Rebekah,QH814H,711.63,2020-01-17 12:13:35.220 UTC,2020-01-19
Nana,OU731U,335.82,2020-01-17 12:13:35.220 UTC,2020-01-19
Gordon,ED889D,402.23,2020-01-17 12:13:35.220 UTC,2020-01-19
Joyce,TK593K,511.19,2020-01-17 12:13:35.220 UTC,2020-01-19
Rie,NI145I,123.97,2020-01-17 12:13:35.220 UTC,2020-01-19
Humberto,KB254B,182.35,2020-01-17 12:13:35.220 UTC,2020-01-19
Alex,DY191Y,802.81,2020-01-17 12:13:35.220 UTC,2020-01-19
Nate,FB554B,187.81,2020-01-17 12:13:35.220 UTC,2020-01-19
Chantal,VT140T,710.51,2020-01-17 12:13:35.220 UTC,2020-01-19
Victor,VA472A,509.63,2020-01-17 12:13:35.220 UTC,2020-01-19
Wilma,UK356K,888.51,2020-01-17 12:13:35.220 UTC,2020-01-19
Peter,BM260M,168.18,2020-01-17 12:13:35.220 UTC,2020-01-19
Gert,YV464V,455.97,2020-01-17 12:13:35.220 UTC,2020-01-19
Edouard,LC717C,296.74,2020-01-17 12:13:35.220 UTC,2020-01-19
Mieko,WP241P,644.76,2020-01-17 12:13:35.220 UTC,2020-01-19
Nicole,HW994W,983.57,2020-01-17 12:13:35.220 UTC,2020-01-19
Rita,HG414G,981.54,2020-01-17 12:13:35.220 UTC,2020-01-19
Florence,KI217I,993.55,2020-01-17 12:13:35.220 UTC,2020-01-19
Michiyo,EE943E,781.92,2020-01-17 12:13:35.220 UTC,2020-01-19
Joyce,OV946V,944.37,2020-01-17 12:13:35.220 UTC,2020-01-19
Jose,XX311X,109.82,2020-01-17 12:13:35.220 UTC,2020-01-19
Alberto,MH230H,693.47,2020-01-17 12:13:35.220 UTC,2020-01-19
Oscar,PS668S,604.59,2020-01-17 12:13:35.220 UTC,2020-01-19
Kumiko,EL319L,920.76,2020-01-17 12:13:35.220 UTC,2020-01-19
Mindy,GJ858J,805.88,2020-01-17 12:13:35.220 UTC,2020-01-19
Isabel,DN424N,287.37,2020-01-17 12:13:35.220 UTC,2020-01-19
Grace,RL582L,612.76,2020-01-17 12:13:35.220 UTC,2020-01-19
Miharu,DZ735Z,140.68,2020-01-17 12:13:35.220 UTC,2020-01-19
Bill,BF339F,312.32,2020-01-17 12:13:35.220 UTC,2020-01-19
Oscar,NG534G,147.12,2020-01-17 12:13:35.220 UTC,2020-01-19
Rafael,LE877E,582.93,2020-01-17 12:13:35.220 UTC,2020-01-19
Ana,FI995I,187.62,2020-01-17 12:13:35.220 UTC,2020-01-19
Bill,YB704B,624.86,2020-01-17 12:13:35.220 UTC,2020-01-19
Philippe,AS592S,692.57,2020-01-17 12:13:35.220 UTC,2020-01-19
Yumi,FO870O,210.90,2020-01-17 12:13:35.220 UTC,2020-01-19
Ayumi,ET742T,730.54,2020-01-17 12:13:35.220 UTC,2020-01-19
Pablo,QZ679Z,992.99,2020-01-17 12:13:35.220 UTC,2020-01-19
Josephine,CK868K,235.71,2020-01-17 12:13:35.220 UTC,2020-01-19
Virginie,GR898R,221.30,2020-01-17 12:13:35.220 UTC,2020-01-19
Arthur,QR865R,655.70,2020-01-17 12:13:35.220 UTC,2020-01-19
Ivan,WS740S,481.96,2020-01-17 12:13:35.220 UTC,2020-01-19
Teresa,PG350G,144.49,2020-01-17 12:13:35.220 UTC,2020-01-19
Vicky,TP627P,586.69,2020-01-17 12:13:35.220 UTC,2020-01-19
Florence,YX988X,103.53,2020-01-17 12:13:35.220 UTC,2020-01-19
Emi,IL777L,719.40,2020-01-17 12:13:35.220 UTC,2020-01-19
Yumi,KK116K,286.61,2020-01-17 12:13:35.220 UTC,2020-01-19
Virginie,JK673K,315.54,2020-01-17 12:13:35.220 UTC,2020-01-19
Omar,QT855T,218.54,2020-01-17 12:13:35.220 UTC,2020-01-19
Lili,KK425K,494.36,2020-01-17 12:13:35.220 UTC,2020-01-19
Emi,SN306N,359.52,2020-01-17 12:13:35.220 UTC,2020-01-19
Marco,ZM342M,103.36,2020-01-17 12:13:35.220 UTC,2020-01-19
Erin,ZP228P,484.94,2020-01-17 12:13:35.220 UTC,2020-01-19
Danielle,CA538A,467.42,2020-01-17 12:13:35.220 UTC,2020-01-19
Arlene,JA909A,625.76,2020-01-17 12:13:35.220 UTC,2020-01-19
Shary,AW866W,278.47,2020-01-17 12:13:35.220 UTC,2020-01-19
Joyce,YL890L,856.63,2020-01-17 12:13:35.220 UTC,2020-01-19
Earl,SY796Y,511.57,2020-01-17 12:13:35.220 UTC,2020-01-19
Valerie,OM283M,492.100,2020-01-17 12:13:35.220 UTC,2020-01-19
Larry,LP888P,840.27,2020-01-17 12:13:35.220 UTC,2020-01-19
Nate,LG374G,900.48,2020-01-17 12:13:35.220 UTC,2020-01-19
Michiyo,DQ356Q,286.83,2020-01-17 12:13:35.220 UTC,2020-01-19
Mieko,FU842U,187.10,2020-01-17 12:13:35.220 UTC,2020-01-19
Henri,EA741A,640.77,2020-01-17 12:13:35.220 UTC,2020-01-19
Van,RE587E,384.53,2020-01-17 12:13:35.220 UTC,2020-01-19
Naoko,SI135I,172.13,2020-01-17 12:13:35.220 UTC,2020-01-19
Isabel,ZV352V,605.21,2020-01-17 12:13:35.220 UTC,2020-01-19
Charley,TI335I,487.65,2020-01-17 12:13:35.220 UTC,2020-01-19
Ernesto,EB222B,474.20,2020-01-17 12:13:35.220 UTC,2020-01-19
Paula,GH928H,111.71,2020-01-17 12:13:35.220 UTC,2020-01-19
Vicky,GR770R,888.86,2020-01-17 12:13:35.220 UTC,2020-01-19
Arthur,QO153O,536.33,2020-01-17 12:13:35.220 UTC,2020-01-19
Kyle,RV493V,380.93,2020-01-17 12:13:35.220 UTC,2020-01-19
Kirk,NA168A,314.44,2020-01-17 12:13:35.220 UTC,2020-01-19
Frances,MG191G,462.66,2020-01-17 12:13:35.220 UTC,2020-01-19
Ophelia,XQ926Q,894.48,2020-01-17 12:13:35.220 UTC,2020-01-19
Oscar,LF387F,631.33,2020-01-17 12:13:35.220 UTC,2020-01-19
Nana,BW960W,807.86,2020-01-17 12:13:35.220 UTC,2020-01-19
Rita,ZF454F,970.88,2020-01-17 12:13:35.220 UTC,2020-01-19
Mieko,WT816T,747.88,2020-01-17 12:13:35.220 UTC,2020-01-19
Rene,KF294F,240.48,2020-01-17 12:13:35.220 UTC,2020-01-19
Lisa,MV324V,947.88,2020-01-17 12:13:35.220 UTC,2020-01-19
Nate,JR250R,195.79,2020-01-17 12:13:35.220 UTC,2020-01-19
Stan,ZU610U,586.12,2020-01-17 12:13:35.220 UTC,2020-01-19
Bret,XH337H,243.76,2020-01-17 12:13:35.220 UTC,2020-01-19
Gaston,NA912A,676.35,2020-01-17 12:13:35.220 UTC,2020-01-19
Isaac,MB958B,727.64,2020-01-17 12:13:35.220 UTC,2020-01-19
Jose,YP571P,480.52,2020-01-17 12:13:35.220 UTC,2020-01-19
Allison,BM283M,537.44,2020-01-17 12:13:35.220 UTC,2020-01-19
Nicole,IG669G,323.72,2020-01-17 12:13:35.220 UTC,2020-01-19
Juan,SR861R,526.40,2020-01-17 12:13:35.220 UTC,2020-01-19
Philippe,VD814D,653.88,2020-01-17 12:13:35.220 UTC,2020-01-19
Michael,NE313E,966.28,2020-01-17 12:13:35.220 UTC,2020-01-19
Kirk,CU598U,121.35,2020-01-17 12:13:35.220 UTC,2020-01-19
Chiaki,YZ202Z,476.99,2020-01-17 12:13:35.220 UTC,2020-01-19
Ayumi,EM233M,772.14,2020-01-17 12:13:35.220 UTC,2020-01-19
Bill,WD964D,428.59,2020-01-17 12:13:35.220 UTC,2020-01-19
Youko,LQ730Q,681.20,2020-01-17 12:13:35.220 UTC,2020-01-19
Rie,TY459Y,690.20,2020-01-17 12:13:35.220 UTC,2020-01-19
Mieko,CL618L,602.98,2020-01-17 12:13:35.220 UTC,2020-01-19
Bertha,RS803S,255.69,2020-01-17 12:13:35.220 UTC,2020-01-19
Miyako,FG516G,510.60,2020-01-17 12:13:35.220 UTC,2020-01-19
Kazuko,FP392P,594.41,2020-01-17 12:13:35.220 UTC,2020-01-19
Grace,IT129T,351.34,2020-01-17 12:13:35.220 UTC,2020-01-19
Oscar,DL711L,942.53,2020-01-17 12:13:35.220 UTC,2020-01-19
Irene,WW116W,551.39,2020-01-17 12:13:35.220 UTC,2020-01-19
Alex,YW979W,519.25,2020-01-17 12:13:35.220 UTC,2020-01-19
Sebastien,KM329M,342.49,2020-01-17 12:13:35.220 UTC,2020-01-19
Danny,NP127P,763.59,2020-01-17 12:13:35.220 UTC,2020-01-19
Kazuko,DU243U,273.79,2020-01-17 12:13:35.220 UTC,2020-01-19
Alex,QM187M,559.62,2020-01-17 12:13:35.220 UTC,2020-01-19
Oscar,QL209L,192.67,2020-01-17 12:13:35.220 UTC,2020-01-19
Michael,EE632E,951.98,2020-01-17 12:13:35.220 UTC,2020-01-19
Ivan,IR292R,139.25,2020-01-17 12:13:35.220 UTC,2020-01-19
Kazuko,UO972O,410.20,2020-01-17 12:13:35.220 UTC,2020-01-19
Kazuko,GA952A,941.77,2020-01-17 12:13:35.220 UTC,2020-01-19
Michelle,QL292L,487.15,2020-01-17 12:13:35.220 UTC,2020-01-19
Olga,MU134U,714.78,2020-01-17 12:13:35.220 UTC,2020-01-19
Victor,ZH281H,218.85,2020-01-17 12:13:35.220 UTC,2020-01-19
Tomas,TS403S,720.59,2020-01-17 12:13:35.220 UTC,2020-01-19
Victor,QH166H,924.66,2020-01-17 12:13:35.220 UTC,2020-01-19
Jeanne,YN818N,704.15,2020-01-17 12:13:35.220 UTC,2020-01-19
Rebekah,XB640B,696.75,2020-01-17 12:13:35.220 UTC,2020-01-19
Erika,NF708F,435.65,2020-01-17 12:13:35.220 UTC,2020-01-19
Beryl,IX367X,151.58,2020-01-17 12:13:35.220 UTC,2020-01-19
Bertha,GQ760Q,548.97,2020-01-17 12:13:35.220 UTC,2020-01-19
Felix,IX660X,512.56,2020-01-17 12:13:35.220 UTC,2020-01-19
Rie,BH190H,707.37,2020-01-17 12:13:35.220 UTC,2020-01-19
Irene,SV415V,749.68,2020-01-17 12:13:35.220 UTC,2020-01-19
Jose,BM311M,817.18,2020-01-17 12:13:35.220 UTC,2020-01-19
Leslie,CH248H,986.20,2020-01-17 12:13:35.220 UTC,2020-01-19
Rose,WA859A,278.27,2020-01-17 12:13:35.220 UTC,2020-01-19
Marco,LM524M,129.87,2020-01-17 12:13:35.220 UTC,2020-01-19
Henri,AW593W,629.56,2020-01-17 12:13:35.220 UTC,2020-01-19
Tanya,YG500G,396.87,2020-01-17 12:13:35.220 UTC,2020-01-19
Rebekah,EO681O,687.60,2020-01-17 12:13:35.220 UTC,2020-01-19
Fay,WZ334Z,309.75,2020-01-17 12:13:35.220 UTC,2020-01-19
Michelle,GA444A,415.13,2020-01-17 12:13:35.220 UTC,2020-01-19
Omar,BD456D,203.42,2020-01-17 12:13:35.220 UTC,2020-01-19
Danny,IJ289J,276.38,2020-01-17 12:13:35.220 UTC,2020-01-19
Leslie,EY367Y,372.59,2020-01-17 12:13:35.220 UTC,2020-01-19
Grace,RN537N,207.80,2020-01-17 12:13:35.220 UTC,2020-01-19
Nadine,GC372C,451.27,2020-01-17 12:13:35.220 UTC,2020-01-19
Nanaho,GZ164Z,472.26,2020-01-17 12:13:35.220 UTC,2020-01-19
Grace,OZ978Z,774.97,2020-01-17 12:13:35.220 UTC,2020-01-19
Kazuko,TB729B,168.42,2020-01-17 12:13:35.220 UTC,2020-01-19
Katrina,MD777D,554.22,2020-01-17 12:13:35.220 UTC,2020-01-19
Lee,SI319I,739.24,2020-01-17 12:13:35.220 UTC,2020-01-19
Noel,ZR459R,671.86,2020-01-17 12:13:35.220 UTC,2020-01-19
Yumi,TJ619J,442.64,2020-01-17 12:13:35.220 UTC,2020-01-19
Danielle,VA527A,832.80,2020-01-17 12:13:35.220 UTC,2020-01-19
Van,KB402B,238.60,2020-01-17 12:13:35.220 UTC,2020-01-19
Odette,GL486L,712.62,2020-01-17 12:13:35.220 UTC,2020-01-19
Tony,HY889Y,694.100,2020-01-17 12:13:35.220 UTC,2020-01-19
Henri,DN946N,379.71,2020-01-17 12:13:35.220 UTC,2020-01-19
Cristobal,MM169M,483.75,2020-01-17 12:13:35.220 UTC,2020-01-19
Paloma,DG990G,164.80,2020-01-17 12:13:35.220 UTC,2020-01-19
Tony,EQ949Q,788.34,2020-01-17 12:13:35.220 UTC,2020-01-19
Wilfred,GR333R,874.82,2020-01-17 12:13:35.220 UTC,2020-01-19
Helene,YI395I,479.97,2020-01-17 12:13:35.220 UTC,2020-01-19
Wilfred,DD145D,982.45,2020-01-17 12:13:35.220 UTC,2020-01-19
Harvey,QE462E,266.99,2020-01-17 12:13:35.220 UTC,2020-01-19
Bill,DF252F,393.29,2020-01-17 12:13:35.220 UTC,2020-01-19
Omar,SX877X,584.50,2020-01-17 12:13:35.220 UTC,2020-01-19
Rie,EV563V,830.35,2020-01-17 12:13:35.220 UTC,2020-01-19
Miyuki,WN554N,999.33,2020-01-17 12:13:35.220 UTC,2020-01-19
Beryl,UR642R,667.78,2020-01-17 12:13:35.220 UTC,2020-01-19
Kyle,CQ103Q,890.32,2020-01-17 12:13:35.220 UTC,2020-01-19
Rafael,YY165Y,822.29,2020-01-17 12:13:35.220 UTC,2020-01-19
Josephine,TQ279Q,118.95,2020-01-17 12:13:35.220 UTC,2020-01-19
Erin,LJ180J,689.90,2020-01-17 12:13:35.220 UTC,2020-01-19
Emi,TL510L,716.88,2020-01-17 12:13:35.220 UTC,2020-01-19
Erika,SI225I,956.48,2020-01-17 12:13:35.220 UTC,2020-01-19
Marco,GS505S,866.60,2020-01-17 12:13:35.220 UTC,2020-01-19
Joyce,PO567O,488.91,2020-01-17 12:13:35.220 UTC,2020-01-19
Tammy,TH213H,280.100,2020-01-17 12:13:35.220 UTC,2020-01-19
Olga,YJ665J,206.33,2020-01-17 12:13:35.220 UTC,2020-01-19
Emi,YW247W,426.45,2020-01-17 12:13:35.220 UTC,2020-01-19
Kyle,NX804X,703.40,2020-01-17 12:13:35.220 UTC,2020-01-19
Patty,PF265F,211.13,2020-01-17 12:13:35.220 UTC,2020-01-19
Naoko,HF420F,162.43,2020-01-17 12:13:35.220 UTC,2020-01-19
Aki,GM416M,561.44,2020-01-17 12:13:35.220 UTC,2020-01-19
Michael,OV321V,380.89,2020-01-17 12:13:35.220 UTC,2020-01-19
Arlene,IO162O,511.57,2020-01-17 12:13:35.220 UTC,2020-01-19
Toshie,ZM574M,404.74,2020-01-17 12:13:35.220 UTC,2020-01-19
Alberto,QN495N,447.94,2020-01-17 12:13:35.220 UTC,2020-01-19
Wanda,HL788L,652.78,2020-01-17 12:13:35.220 UTC,2020-01-19
Humberto,PX890X,513.17,2020-01-17 12:13:35.220 UTC,2020-01-19
Irene,CT779T,826.79,2020-01-17 12:13:35.220 UTC,2020-01-19
Kate,MA170A,651.61,2020-01-17 12:13:35.220 UTC,2020-01-19
Hermine,IY699Y,119.68,2020-01-17 12:13:35.220 UTC,2020-01-19
Wanda,HD668D,708.68,2020-01-17 12:13:35.220 UTC,2020-01-19
Kyle,KE681E,559.29,2020-01-17 12:13:35.220 UTC,2020-01-19
Dennis,BF126F,587.81,2020-01-17 12:13:35.220 UTC,2020-01-19
Dolly,QO590O,137.21,2020-01-17 12:13:35.220 UTC,2020-01-19
Sayuri,LF577F,562.84,2020-01-17 12:13:35.220 UTC,2020-01-19
Olga,XS359S,887.88,2020-01-17 12:13:35.220 UTC,2020-01-19
Jose,ID287D,557.27,2020-01-17 12:13:35.220 UTC,2020-01-19
Ana,HP158P,542.14,2020-01-17 12:13:35.220 UTC,2020-01-19
Tony,QT955T,694.76,2020-01-17 12:13:35.220 UTC,2020-01-19
Tammy,GU754U,450.25,2020-01-17 12:13:35.220 UTC,2020-01-19
Nanaho,ZN526N,592.27,2020-01-17 12:13:35.220 UTC,2020-01-19
Ernesto,EH590H,849.23,2020-01-17 12:13:35.220 UTC,2020-01-19
Kyle,NB172B,360.57,2020-01-17 12:13:35.220 UTC,2020-01-19
Jeanne,CD232D,152.25,2020-01-17 12:13:35.220 UTC,2020-01-19
Peter,ST149T,174.70,2020-01-17 12:13:35.220 UTC,2020-01-19
Alex,NI334I,675.26,2020-01-17 12:13:35.220 UTC,2020-01-19
Frances,LG469G,644.13,2020-01-17 12:13:35.220 UTC,2020-01-19
Hanna,JF367F,757.15,2020-01-17 12:13:35.220 UTC,2020-01-19
Bret,PT438T,375.31,2020-01-17 12:13:35.220 UTC,2020-01-19
Sachiko,NF865F,929.83,2020-01-17 12:13:35.220 UTC,2020-01-19
Paula,WB424B,828.52,2020-01-17 12:13:35.220 UTC,2020-01-19
Wanda,NK189K,673.29,2020-01-17 12:13:35.220 UTC,2020-01-19
Arthur,KO997O,197.68,2020-01-17 12:13:35.220 UTC,2020-01-19
Omar,UC390C,713.82,2020-01-17 12:13:35.220 UTC,2020-01-19
Teresa,AP546P,145.88,2020-01-17 12:13:35.220 UTC,2020-01-19
Nana,LS799S,206.18,2020-01-17 12:13:35.220 UTC,2020-01-19
Fay,TV165V,237.16,2020-01-17 12:13:35.220 UTC,2020-01-19
Ophelia,EI661I,748.30,2020-01-17 12:13:35.220 UTC,2020-01-19
Tanya,IT620T,502.70,2020-01-17 12:13:35.220 UTC,2020-01-19
Nanaho,SG158G,455.67,2020-01-17 12:13:35.220 UTC,2020-01-19
Reina,SO312O,990.89,2020-01-17 12:13:35.220 UTC,2020-01-19
Grace,SS736S,706.87,2020-01-17 12:13:35.220 UTC,2020-01-19
Wilfred,QU141U,687.74,2020-01-17 12:13:35.220 UTC,2020-01-19
Virginie,KZ828Z,752.10,2020-01-17 12:13:35.220 UTC,2020-01-19
William,ZF425F,264.89,2020-01-17 12:13:35.220 UTC,2020-01-19
Allison,CW600W,488.28,2020-01-17 12:13:35.220 UTC,2020-01-19
Alberto,AB998B,921.14,2020-01-17 12:13:35.220 UTC,2020-01-19
Reina,DL682L,918.45,2020-01-17 12:13:35.220 UTC,2020-01-19
Kazuko,KI270I,523.58,2020-01-17 12:13:35.220 UTC,2020-01-19
Juan,PA118A,954.92,2020-01-17 12:13:35.220 UTC,2020-01-19
Tony,KZ814Z,171.21,2020-01-17 12:13:35.220 UTC,2020-01-19
Mindy,OQ369Q,291.31,2020-01-17 12:13:35.220 UTC,2020-01-19
Nicole,HK684K,644.81,2020-01-17 12:13:35.220 UTC,2020-01-19
Emi,KZ131Z,542.73,2020-01-17 12:13:35.220 UTC,2020-01-19
Noel,UY493Y,108.85,2020-01-17 12:13:35.220 UTC,2020-01-19
Grace,YO676O,563.80,2020-01-17 12:13:35.220 UTC,2020-01-19
Victor,OR462R,332.72,2020-01-17 12:13:35.220 UTC,2020-01-19
Sachiko,LD897D,603.11,2020-01-17 12:13:35.220 UTC,2020-01-19
Nicholas,AU816U,507.58,2020-01-17 12:13:35.220 UTC,2020-01-19
Claudette,HM741M,395.28,2020-01-17 12:13:35.220 UTC,2020-01-19
Lisa,YA337A,863.71,2020-01-17 12:13:35.220 UTC,2020-01-19
Oscar,UV633V,366.98,2020-01-17 12:13:35.220 UTC,2020-01-19
Joyce,YU457U,249.40,2020-01-17 12:13:35.220 UTC,2020-01-19
Richard,NF787F,517.73,2020-01-17 12:13:35.220 UTC,2020-01-19
Noel,VP495P,360.21,2020-01-17 12:13:35.220 UTC,2020-01-19
Claudette,CX253X,806.73,2020-01-17 12:13:35.220 UTC,2020-01-19
Paloma,NO323O,437.20,2020-01-17 12:13:35.220 UTC,2020-01-19
Hermine,ZB890B,471.68,2020-01-17 12:13:35.220 UTC,2020-01-19
Danny,DZ881Z,623.59,2020-01-17 12:13:35.220 UTC,2020-01-19
Rene,TF274F,379.56,2020-01-17 12:13:35.220 UTC,2020-01-19
Grace,OU820U,135.38,2020-01-17 12:13:35.220 UTC,2020-01-19
Stan,ZT379T,803.13,2020-01-17 12:13:35.220 UTC,2020-01-19
Bret,AZ652Z,974.50,2020-01-17 12:13:35.220 UTC,2020-01-19
Cristobal,SH808H,598.41,2020-01-17 12:13:35.220 UTC,2020-01-19
Bonnie,HO802O,142.54,2020-01-17 12:13:35.220 UTC,2020-01-19
Chantal,MB877B,427.48,2020-01-17 12:13:35.220 UTC,2020-01-19
Reina,FR580R,776.21,2020-01-17 12:13:35.220 UTC,2020-01-19
Earl,MW467W,984.99,2020-01-17 12:13:35.220 UTC,2020-01-19
Isidore,TE801E,111.56,2020-01-17 12:13:35.220 UTC,2020-01-19
Michelle,LQ791Q,557.79,2020-01-17 12:13:35.220 UTC,2020-01-19
Naoko,EZ785Z,379.46,2020-01-17 12:13:35.220 UTC,2020-01-19
Tammy,EO109O,267.19,2020-01-17 12:13:35.220 UTC,2020-01-19
Kate,SJ380J,500.50,2020-01-17 12:13:35.220 UTC,2020-01-19
Irene,CQ203Q,893.42,2020-01-17 12:13:35.220 UTC,2020-01-19
Rose,EL742L,131.57,2020-01-17 12:13:35.220 UTC,2020-01-19
Irene,PF696F,961.39,2020-01-17 12:13:35.220 UTC,2020-01-19
Kirk,JH613H,669.76,2020-01-17 12:13:35.220 UTC,2020-01-19
Shary,WY863Y,322.30,2020-01-17 12:13:35.220 UTC,2020-01-19
Alex,QO681O,239.44,2020-01-17 12:13:35.220 UTC,2020-01-19
Cristobal,XJ858J,882.50,2020-01-17 12:13:35.220 UTC,2020-01-19
Gabielle,XB340B,930.42,2020-01-17 12:13:35.220 UTC,2020-01-19
Kirk,UL962L,281.42,2020-01-17 12:13:35.220 UTC,2020-01-19
Wanda,JY451Y,871.89,2020-01-17 12:13:35.220 UTC,2020-01-19
Wilfred,PD508D,193.39,2020-01-17 12:13:35.220 UTC,2020-01-19
Miwa,KF239F,970.78,2020-01-17 12:13:35.220 UTC,2020-01-19
Florence,GM664M,323.21,2020-01-17 12:13:35.220 UTC,2020-01-19
Franklin,SN251N,322.58,2020-01-17 12:13:35.220 UTC,2020-01-19
Stan,RW755W,480.14,2020-01-17 12:13:35.220 UTC,2020-01-19
Kirk,GI205I,709.68,2020-01-17 12:13:35.220 UTC,2020-01-19
Youko,BO699O,635.83,2020-01-17 12:13:35.220 UTC,2020-01-19
Leslie,LU309U,884.91,2020-01-17 12:13:35.220 UTC,2020-01-19
Sayuri,ZG1000G,846.37,2020-01-17 12:13:35.220 UTC,2020-01-19
Isaac,QP314P,247.15,2020-01-17 12:13:35.220 UTC,2020-01-19
Vince,ET532T,721.12,2020-01-17 12:13:35.220 UTC,2020-01-19
Miyako,PF229F,181.16,2020-01-17 12:13:35.220 UTC,2020-01-19
Tammy,PW217W,365.10,2020-01-17 12:13:35.220 UTC,2020-01-19
Rose,GF775F,466.85,2020-01-17 12:13:35.220 UTC,2020-01-19
Nana,WT476T,818.51,2020-01-17 12:13:35.220 UTC,2020-01-19
Hermine,MI833I,393.49,2020-01-17 12:13:35.220 UTC,2020-01-19
Harvey,GJ688J,512.91,2020-01-17 12:13:35.220 UTC,2020-01-19
Rie,TK907K,902.42,2020-01-17 12:13:35.220 UTC,2020-01-19
Otto,QU734U,878.14,2020-01-17 12:13:35.220 UTC,2020-01-19
Reina,LE134E,599.95,2020-01-17 12:13:35.220 UTC,2020-01-19
Ernesto,QM772M,659.52,2020-01-17 12:13:35.220 UTC,2020-01-19
Ernesto,FZ740Z,739.78,2020-01-17 12:13:35.220 UTC,2020-01-19
Yumi,EA272A,669.73,2020-01-17 12:13:35.220 UTC,2020-01-19
William,AA282A,382.41,2020-01-17 12:13:35.220 UTC,2020-01-19
Charley,PW413W,918.70,2020-01-17 12:13:35.220 UTC,2020-01-19
Danielle,ES993S,541.90,2020-01-17 12:13:35.220 UTC,2020-01-19
Katrina,KZ619Z,114.40,2020-01-17 12:13:35.220 UTC,2020-01-19
Oscar,IN299N,426.83,2020-01-17 12:13:35.220 UTC,2020-01-19
Ernesto,FI347I,110.23,2020-01-17 12:13:35.220 UTC,2020-01-19
Bertha,WM699M,405.94,2020-01-17 12:13:35.220 UTC,2020-01-19
Odette,MP195P,210.32,2020-01-17 12:13:35.220 UTC,2020-01-19
Ayumi,WO725O,878.14,2020-01-17 12:13:35.220 UTC,2020-01-19
Sebastien,RB484B,680.52,2020-01-17 12:13:35.220 UTC,2020-01-19
Shary,LQ403Q,257.85,2020-01-17 12:13:35.220 UTC,2020-01-19
Michelle,WC983C,910.29,2020-01-17 12:13:35.220 UTC,2020-01-19
Virginie,GH815H,182.78,2020-01-17 12:13:35.220 UTC,2020-01-19
Nana,KG594G,301.46,2020-01-17 12:13:35.220 UTC,2020-01-19
Yumi,QZ946Z,112.82,2020-01-17 12:13:35.220 UTC,2020-01-19
Isaac,HB945B,813.55,2020-01-17 12:13:35.220 UTC,2020-01-19
Tanya,BQ471Q,926.86,2020-01-17 12:13:35.220 UTC,2020-01-19
Gaston,ZU330U,797.71,2020-01-17 12:13:35.220 UTC,2020-01-19
Victor,VG877G,496.32,2020-01-17 12:13:35.220 UTC,2020-01-19
Walter,RG881G,675.74,2020-01-17 12:13:35.220 UTC,2020-01-19
Emi,GO152O,170.24,2020-01-17 12:13:35.220 UTC,2020-01-19
Karen,LN131N,667.82,2020-01-17 12:13:35.220 UTC,2020-01-19
Virginie,WW382W,636.51,2020-01-17 12:13:35.220 UTC,2020-01-19
Tammy,LT522T,386.94,2020-01-17 12:13:35.220 UTC,2020-01-19
Ayumi,QJ458J,627.76,2020-01-17 12:13:35.220 UTC,2020-01-19
Van,VF382F,974.84,2020-01-17 12:13:35.220 UTC,2020-01-19
Wilfred,VK195K,100.73,2020-01-17 12:13:35.220 UTC,2020-01-19
Paloma,PW888W,560.87,2020-01-17 12:13:35.220 UTC,2020-01-19
Rita,KY534Y,816.77,2020-01-17 12:13:35.220 UTC,2020-01-19
Rene,QR434R,536.49,2020-01-17 12:13:35.220 UTC,2020-01-19
Henri,PV933V,957.29,2020-01-17 12:13:35.220 UTC,2020-01-19
Tammy,ZT927T,150.61,2020-01-17 12:13:35.220 UTC,2020-01-19
Nicholas,CJ345J,771.98,2020-01-17 12:13:35.220 UTC,2020-01-19
Ernesto,KS178S,864.64,2020-01-17 12:13:35.220 UTC,2020-01-19
Walter,OQ980Q,825.60,2020-01-17 12:13:35.220 UTC,2020-01-19
Gabielle,SG714G,468.26,2020-01-17 12:13:35.220 UTC,2020-01-19
Miyuki,QZ496Z,455.16,2020-01-17 12:13:35.220 UTC,2020-01-19
Gert,HO325O,575.95,2020-01-17 12:13:35.220 UTC,2020-01-19
Nicholas,QM484M,978.28,2020-01-17 12:13:35.220 UTC,2020-01-19
Charley,ZI793I,751.40,2020-01-17 12:13:35.220 UTC,2020-01-19
Tony,PT142T,137.87,2020-01-17 12:13:35.220 UTC,2020-01-19
Nicholas,GO870O,552.82,2020-01-17 12:13:35.220 UTC,2020-01-19
Yumi,EP642P,876.40,2020-01-17 12:13:35.220 UTC,2020-01-19
Debby,RN458N,508.23,2020-01-17 12:13:35.220 UTC,2020-01-19
Toshie,ZZ921Z,625.32,2020-01-17 12:13:35.220 UTC,2020-01-19
Teresa,FO506O,480.77,2020-01-17 12:13:35.220 UTC,2020-01-19
Katrina,FZ221Z,516.13,2020-01-17 12:13:35.220 UTC,2020-01-19
Lili,TH734H,868.75,2020-01-17 12:13:35.220 UTC,2020-01-19
Toshie,BI757I,869.71,2020-01-17 12:13:35.220 UTC,2020-01-19
Paula,PT748T,978.24,2020-01-17 12:13:35.220 UTC,2020-01-19
Bonnie,LO359O,533.51,2020-01-17 12:13:35.220 UTC,2020-01-19
Tomas,BI449I,496.32,2020-01-17 12:13:35.220 UTC,2020-01-19
Leslie,PE751E,706.32,2020-01-17 12:13:35.220 UTC,2020-01-19
Alex,LC996C,373.56,2020-01-17 12:13:35.220 UTC,2020-01-19
Junko,QN924N,896.36,2020-01-17 12:13:35.220 UTC,2020-01-19
Michael,RT599T,453.98,2020-01-17 12:13:35.220 UTC,2020-01-19
Olga,AR790R,155.43,2020-01-17 12:13:35.220 UTC,2020-01-19
Odette,GW781W,529.35,2020-01-17 12:13:35.220 UTC,2020-01-19
Gustav,EA674A,934.38,2020-01-17 12:13:35.220 UTC,2020-01-19
Lisa,CZ734Z,424.99,2020-01-17 12:13:35.220 UTC,2020-01-19
Rene,GP790P,920.96,2020-01-17 12:13:35.220 UTC,2020-01-19
Karen,QU940U,850.47,2020-01-17 12:13:35.220 UTC,2020-01-19
Fabian,ZQ829Q,529.89,2020-01-17 12:13:35.220 UTC,2020-01-19
Isaac,FF614F,304.24,2020-01-17 12:13:35.220 UTC,2020-01-19
Rie,FG806G,348.90,2020-01-17 12:13:35.220 UTC,2020-01-19
Lili,GL911L,304.65,2020-01-17 12:13:35.220 UTC,2020-01-19
Chiaki,WR995R,269.92,2020-01-17 12:13:35.220 UTC,2020-01-19
Pablo,BA483A,403.16,2020-01-17 12:13:35.220 UTC,2020-01-19
Tony,GG536G,891.84,2020-01-17 12:13:35.220 UTC,2020-01-19
Itoe,YY555Y,254.51,2020-01-17 12:13:35.220 UTC,2020-01-19
Wilma,QV536V,125.68,2020-01-17 12:13:35.220 UTC,2020-01-19
Nadine,BO378O,100.46,2020-01-17 12:13:35.220 UTC,2020-01-19
Miyako,ZF136F,313.73,2020-01-17 12:13:35.220 UTC,2020-01-19
Jeanne,FI717I,261.69,2020-01-17 12:13:35.220 UTC,2020-01-19
Lorenzo,FM460M,657.75,2020-01-17 12:13:35.220 UTC,2020-01-19
Rie,OV689V,580.72,2020-01-17 12:13:35.220 UTC,2020-01-19
Michiyo,II779I,505.11,2020-01-17 12:13:35.220 UTC,2020-01-19
Ophelia,JR645R,737.47,2020-01-17 12:13:35.220 UTC,2020-01-19
Miyako,ZC786C,194.27,2020-01-17 12:13:35.220 UTC,2020-01-19
Paula,EF498F,985.39,2020-01-17 12:13:35.220 UTC,2020-01-19
Arlene,UG981G,739.21,2020-01-17 12:13:35.220 UTC,2020-01-19
Michiyo,HX235X,809.36,2020-01-17 12:13:35.220 UTC,2020-01-19
Hitomi,AC132C,443.93,2020-01-17 12:13:35.220 UTC,2020-01-19
Marco,MF798F,853.15,2020-01-17 12:13:35.220 UTC,2020-01-19
Junko,KV608V,598.30,2020-01-17 12:13:35.220 UTC,2020-01-19